{"data":{"25.0":{"28_UT7_parentale_SRSF2_WT_S28\/":0.18558550000000001,"29_UT7_parentale_SRSF2_WT_S29\/":0.0},"50.0":{"28_UT7_parentale_SRSF2_WT_S28\/":208.227,"29_UT7_parentale_SRSF2_WT_S29\/":192.34599999999998},"75.0":{"28_UT7_parentale_SRSF2_WT_S28\/":2105.5099999999998,"29_UT7_parentale_SRSF2_WT_S29\/":1849.0905},"10.0":{"28_UT7_parentale_SRSF2_WT_S28\/":0.0,"29_UT7_parentale_SRSF2_WT_S29\/":0.0},"90.0":{"28_UT7_parentale_SRSF2_WT_S28\/":18437.7,"29_UT7_parentale_SRSF2_WT_S29\/":17945.2}}}